INSERT INTO `menu_type` (`dtype`, `id`, `is_blend`, `is_hot`, `sweetness`)
VALUES
  ('Appetizer', 1, NULL, NULL, NULL),
  ('Appetizer', 2, NULL, NULL, NULL),
  ('Appetizer', 3, NULL, NULL, NULL),
  ('Appetizer', 4, NULL, NULL, NULL),
  ('Appetizer', 5, NULL, NULL, NULL),
  ('Appetizer', 6, NULL, NULL, NULL),
  ('Appetizer', 7, NULL, NULL, NULL),
  ('Appetizer', 8, NULL, NULL, NULL),
  ('Appetizer', 9, NULL, NULL, NULL),
  ('Appetizer', 10, NULL, NULL, NULL),
  ('Appetizer', 11, NULL, NULL, NULL),
  ('Coffee', 12, NULL, 1, NULL),
  ('Coffee', 13, NULL, 1, NULL),
  ('Coffee', 14, NULL, 0, NULL),
  ('Coffee', 15, NULL, 1, NULL),
  ('Coffee', 16, NULL, 0, NULL),
  ('Coffee', 17, NULL, 1, NULL),
  ('Coffee', 18, NULL, 0, NULL),
  ('Coffee', 19, NULL, 1, NULL),
  ('Coffee', 20, NULL, 0, NULL),
  ('Coffee', 21, 1, NULL, NULL),
  ('Coffee', 22, NULL, 1, NULL),
  ('Coffee', 23, NULL, 0, NULL),
  ('Coffee', 24, 1, NULL, NULL),
  ('Coffee', 25, NULL, 1, NULL),
  ('Coffee', 26, NULL, 0, NULL),
  ('Dessert', 27, NULL, NULL, NULL),
  ('Dessert', 28, NULL, NULL, NULL),
  ('Dessert', 29, NULL, NULL, NULL),
  ('Dessert', 30, NULL, NULL, NULL),
  ('Dessert', 31, NULL, NULL, NULL),
  ('Dessert', 32, NULL, NULL, NULL),
  ('Dessert', 33, NULL, NULL, NULL),
  ('Dessert', 34, NULL, NULL, NULL),
  ('MainDish', 35, NULL, NULL, NULL),
  ('MainDish', 36, NULL, NULL, NULL),
  ('MainDish', 37, NULL, NULL, NULL),
  ('MainDish', 38, NULL, NULL, NULL),
  ('MainDish', 39, NULL, NULL, NULL),
  ('MainDish', 40, NULL, NULL, NULL),
  ('MainDish', 41, NULL, NULL, NULL),
  ('MainDish', 42, NULL, NULL, NULL),
  ('MainDish', 43, NULL, NULL, NULL),
  ('MainDish', 44, NULL, NULL, NULL),
  ('MainDish', 45, NULL, NULL, NULL),
  ('MainDish', 46, NULL, NULL, NULL),
  ('MainDish', 47, NULL, NULL, NULL),
  ('MainDish', 48, NULL, NULL, NULL),
  ('NonCoffee', 49, NULL, 1, NULL),
  ('NonCoffee', 50, NULL, 0, NULL),
  ('NonCoffee', 51, 1, NULL, NULL),
  ('NonCoffee', 52, 1, NULL, NULL),
  ('NonCoffee', 53, 1, NULL, NULL),
  ('NonCoffee', 54, NULL, 1, NULL),
  ('NonCoffee', 55, NULL, 0, NULL),
  ('NonCoffee', 56, 1, NULL, NULL),
  ('NonCoffee', 57, NULL, 0, NULL),
  ('NonCoffee', 58, 1, NULL, NULL),
  ('NonCoffee', 59, 1, NULL, NULL),
  ('NonCoffee', 60, NULL, 0, NULL),
  ('NonCoffee', 61, NULL, 0, NULL),
  ('NonCoffee', 62, 1, NULL, NULL),
  ('NonCoffee', 63, 1, NULL, NULL),
  ('NonCoffee', 64, NULL, 0, NULL),
  ('NonCoffee', 65, NULL, 0, NULL),
  ('NonCoffee', 66, NULL, 0, NULL),
  ('NonCoffee', 67, NULL, 1, NULL),
  ('NonCoffee', 68, NULL, 0, NULL),
  ('NonCoffee', 69, NULL, 0, NULL),
  ('NonCoffee', 70, 1, NULL, NULL),
  ('NonCoffee', 71, 1, NULL, NULL),
  ('NonCoffee', 72, 1, NULL, NULL);
INSERT INTO `menu` (`id`, `image`, `name`, `price`, `menu_type_id`)
VALUES
  (1, NULL, 'Fish and Chips', 65, 1),
  (2, NULL, 'Sausage Stick', 50, 2),
  (3, NULL, 'Holy Chick', 55, 3),
  (4, NULL, 'Salad  Caesar', 59, 4),
  (5, NULL, 'Salad Tuna', 59, 5),
  (6, NULL, 'Salad Garden', 59, 6),
  (7, NULL, 'Seasoning French Fries', 60, 7),
  (8, NULL, 'Chicken Caesar Wrap', 49, 8),
  (9, NULL, 'Superbowl', 99, 9),
  (10, NULL, 'Normal Fries', 55, 10),
  (11, NULL, 'Cheesy Fries', 65, 11),
  (12, NULL, 'Espresso Hot', 40, 12),
  (13, NULL, 'Americano Hot', 40, 13),
  (14, NULL, 'Americano Iced', 45, 14),
  (15, NULL, 'Latte Hot', 50, 15),
  (16, NULL, 'Latte Iced', 55, 16),
  (17, NULL, 'Cappuccino Hot', 50, 17),
  (18, NULL, 'Cappuccino Iced', 55, 18),
  (19, NULL, 'Mocha Hot', 55, 19),
  (20, NULL, 'Mocha Iced', 60, 20),
  (21, NULL, 'Mocha Blend', 65, 21),
  (22, NULL, 'Caramel Macchiato Hot', 55, 22),
  (23, NULL, 'Caramel Macchiato Iced', 60, 23),
  (24, NULL, 'Caramel Macchiato Blend', 65, 24),
  (25, NULL, 'Hazelnut Latte Hot', 60, 25),
  (26, NULL, 'Hazelnut Latte Iced', 65, 26),
  (27, NULL, 'Banoffee', 55, 27),
  (28, NULL, 'Chocolate Banana Roti', 75, 28),
  (29, NULL, 'Cookies', 25, 29),
  (30, NULL, 'Brownies', 55, 30),
  (31, NULL, 'Chocolate Lava', 65, 31),
  (32, NULL, 'Pana Cotta', 45, 32),
  (33, NULL, 'Blueberry Cheese Pie', 55, 33),
  (34, NULL, 'Chocolate Pie', 55, 34),
  (35, NULL, 'All Day Breakfast', 75, 35),
  (36, NULL, 'Grilled Sandwich Chicken', 65, 36),
  (37, NULL, 'Grilled Sandwich Tuna', 65, 37),
  (38, NULL, 'Grilled Sandwich Ham Cheese', 65, 38),
  (39, NULL, 'Grilled Sausage', 75, 39),
  (40, NULL, 'House Sandwich', 70, 40),
  (41, NULL, 'Spaghetti Carbonara', 70, 41),
  (42, NULL, 'Spaghetti Meat Ball', 70, 42),
  (43, NULL, 'Spaghetti Dry Chili', 70, 43),
  (44, NULL, 'BB Fried Rice', 69, 44),
  (45, NULL, 'Omu Rice', 59, 45),
  (46, NULL, 'BBQ Burger', 99, 46),
  (47, NULL, 'Teriyaki Salmon Rice', 99, 47),
  (48, NULL, 'Dry Chili Rice', 59, 48),
  (49, NULL, 'Belgian Chocolate Hot', 50, 49),
  (50, NULL, 'Belgian Chocolate Iced', 55, 50),
  (51, NULL, 'Chococino Blend', 60, 51),
  (52, NULL, 'Vanilla Milky Shakie', 60, 52),
  (53, NULL, 'Strawberry Shakie Blend', 60, 53),
  (54, NULL, 'Matcha Latte Hot', 50, 54),
  (55, NULL, 'Matcha Latte Iced', 55, 55),
  (56, NULL, 'Matcha Latte Blend', 60, 56),
  (57, NULL, 'BB Twister Iced', 50, 57),
  (58, NULL, 'BB Twister Blend', 55, 58),
  (59, NULL, 'Tropical Breeze Blend', 55, 59),
  (60, NULL, 'Tea Mixed Fruit Iced', 50, 60),
  (61, NULL, 'Tea Lemon Iced', 50, 61),
  (62, NULL, 'Smoothies Strawberry Blend', 55, 62),
  (63, NULL, 'Smoothies Passion Fruit Blend', 55, 63),
  (64, NULL, 'Sparkling Cooler Apple Iced', 45, 64),
  (65, NULL, 'Sparkling Cooler Strawberry Iced', 45, 65),
  (66, NULL, 'Sparkling Cooler Lemon Iced', 45, 66),
  (67, NULL, 'Twinning Hot', 25, 67),
  (68, NULL, 'Twinning Iced', 30, 68),
  (69, NULL, 'Thai Tea Iced', 50, 69),
  (70, NULL, 'Thai Tea Blend', 55, 70),
  (71, NULL, 'Brownie Blend', 65, 71),
  (72, NULL, 'Granola Blend', 65, 72);
INSERT INTO `topping` (`id`, `price`, `topping_type`)
VALUES
  (1, 10, 'CARAMEL'),
  (2, 10, 'BUTTERSCOTCH'),
  (3, 10, 'CHOCOLATE_SYRUP'),
  (4, 10, 'CHOCOLATE_POWDER'),
  (5, 10, 'MATCHA_POWDER');
